location_name,method
上沙,hanlp
东莞,hanlp
东门,hanlp
东门老街,hanlp
丹竹头,hanlp
京基大厦,hanlp
京基大楼,hanlp
光明,hanlp
前海,hanlp
北京,hanlp
华强北,hanlp
南山,hanlp
南山区,hanlp
南湖路,hanlp
后海,hanlp
地王大厦,hanlp
坪山,hanlp
大芬,hanlp
太白路,hanlp
宝安,hanlp
宝安县,hanlp
宝安新区,hanlp
宝安路,hanlp
岗厦,hanlp
岗厦北,hanlp
布吉,hanlp
布澜路,hanlp
广场北街,hanlp
广州,hanlp
惠州,hanlp
木棉湾,hanlp
木棉湾站,hanlp
松园,hanlp
松园西街,hanlp
桂园,hanlp
梅沙,hanlp
梧桐山,hanlp
沙嘴,hanlp
沙嘴路,hanlp
沙田,hanlp
沙田站,hanlp
泥巴路,hanlp
深南路,hanlp
深圳,hanlp
深圳北站,hanlp
深圳市,hanlp
煤场路,hanlp
盐田,hanlp
盐田港,hanlp
石芽岭,hanlp
石芽岭地铁站,hanlp
福田,hanlp
福田区,hanlp
福田沙嘴,hanlp
站,hanlp
红岭,hanlp
红岭路,hanlp
红树湾,hanlp
红桂路,hanlp
罗湖,hanlp
罗湖区,hanlp
罗湖火车站,hanlp
老街,hanlp
莲塘,hanlp
蛇口,hanlp
赤湾港,hanlp
龙岗,hanlp
龙岗区,hanlp
上水,hanlp
上水径,hanlp
上沙,hanlp
中国,hanlp
中山公园,hanlp
光明,hanlp
八卦岭,hanlp
关内,hanlp
前海,hanlp
北京,hanlp
华南城,hanlp
华强北,hanlp
南山,hanlp
固戍,hanlp
坂田,hanlp
坪地,hanlp
坪山,hanlp
宝安,hanlp
宝龙,hanlp
布吉,hanlp
平湖,hanlp
平湖镇,hanlp
广州,hanlp
深圳,hanlp
深圳市,hanlp
皇岗,hanlp
福永,hanlp
福田,hanlp
福田站,hanlp
竹子林,hanlp
罗湖,hanlp
荔枝公园,hanlp
蛇口,hanlp
香港,hanlp
龙华,hanlp
龙岗,hanlp
1234商场,hanlp
cocopark,hanlp
万象城,hanlp
万象天地,hanlp
万象汇,hanlp
东莞,hanlp
东门,hanlp
中国,hanlp
乐清,hanlp
光明,hanlp
前海,hanlp
卓悦中心,hanlp
南山,hanlp
后海,hanlp
坪山,hanlp
塘朗站,hanlp
大鹏,hanlp
天河,hanlp
宝安,hanlp
布吉,hanlp
广州,hanlp
惠州,hanlp
松岗,hanlp
梅林,hanlp
洪湖,hanlp
深圳,hanlp
深圳市,hanlp
深圳湾公园,hanlp
盐田,hanlp
福田,hanlp
罗湖,hanlp
老街,hanlp
西丽站,hanlp
车公庙,hanlp
香蜜湖,hanlp
香蜜湖站,hanlp
龙华,hanlp
龙岗,hanlp
龙岗cocopark,hanlp
上海,hanlp
东莞,hanlp
东门,hanlp
北京,hanlp
华强,hanlp
华强北,hanlp
南山,hanlp
后海,hanlp
太阳广场,hanlp
太阳百货,hanlp
宝安,hanlp
布吉,hanlp
广州,hanlp
惠州,hanlp
松岗,hanlp
梅林,hanlp
洪湖站,hanlp
深圳,hanlp
白马服装批发市场,hanlp
福田,hanlp
福田公园,hanlp
福田区,hanlp
罗湖,hanlp
罗湖区,hanlp
翠竹,hanlp
老街,hanlp
草埔,hanlp
龙华,hanlp
龙岗,hanlp
上海,hanlp
下沙站,hanlp
前海,hanlp
北京,hanlp
北环,hanlp
南山,hanlp
坪山,hanlp
宝安,hanlp
宝安区,hanlp
岗厦北,hanlp
布吉,hanlp
平安大厦,hanlp
广州,hanlp
惠州,hanlp
成都,hanlp
新洲路,hanlp
横岗,hanlp
泰然九路,hanlp
深圳,hanlp
深圳市,hanlp
清水河,hanlp
滨河,hanlp
滨河大道,hanlp
滨河路,hanlp
盐田,hanlp
福田,hanlp
福田区,hanlp
福荣路,hanlp
罗湖,hanlp
罗湖区,hanlp
车公庙,hanlp
龙华,hanlp
龙岗,hanlp
万象城,hanlp
上沙,hanlp
东莞,hanlp
中国,hanlp
八卦岭,hanlp
关内,hanlp
关外,hanlp
北京,hanlp
华强北,hanlp
南山,hanlp
南山区,hanlp
坪山,hanlp
大鹏,hanlp
宝安,hanlp
宝安区,hanlp
宝安新,hanlp
岗厦北,hanlp
布吉,hanlp
新加坡,hanlp
新洲,hanlp
新洲南,hanlp
沙井,hanlp
深圳,hanlp
深圳北站,hanlp
深圳市,hanlp
深圳湾,hanlp
深汕,hanlp
深莞,hanlp
皇岗,hanlp
福田,hanlp
福田区,hanlp
福田站,hanlp
罗湖,hanlp
蛇口,hanlp
车公庙,hanlp
长沙,hanlp
香港,hanlp
龙岗,hanlp
龙岗大运城,hanlp
龙港,hanlp
上海宾馆,hanlp
东莞,hanlp
中山,hanlp
仙湖,hanlp
关外,hanlp
前海,hanlp
北京,hanlp
华强,hanlp
华强北,hanlp
华强北路,hanlp
南山,hanlp
南山区,hanlp
南澳,hanlp
坪地,hanlp
坪山,hanlp
太宁路,hanlp
宁静路,hanlp
宝安,hanlp
岗夏,hanlp
广州,hanlp
惠州,hanlp
无锡,hanlp
梅林,hanlp
梅林关,hanlp
梅林区域,hanlp
梅林站,hanlp
民乐,hanlp
深南路,hanlp
深圳,hanlp
清湖,hanlp
白石龙,hanlp
百仕达,hanlp
盐田,hanlp
福田,hanlp
福田区,hanlp
红山,hanlp
罗湖,hanlp
莲塘,hanlp
蛇口,hanlp
车公庙,hanlp
重庆,hanlp
香港,hanlp
龙岗,hanlp
上沙,hanlp
上海,hanlp
东莞,hanlp
中国,hanlp
中山,hanlp
光明区,hanlp
凤岗,hanlp
北京,hanlp
华强北,hanlp
南山,hanlp
坪山,hanlp
坪山区,hanlp
城中村,hanlp
大浪,hanlp
大鹏,hanlp
宝安,hanlp
布吉站,hanlp
广州,hanlp
惠州,hanlp
成都,hanlp
所城,hanlp
武汉,hanlp
沙井,hanlp
深圳,hanlp
深圳北站,hanlp
深圳市,hanlp
甘坑,hanlp
福永,hanlp
福田,hanlp
福田站,hanlp
福田高铁站,hanlp
罗湖,hanlp
西丽,hanlp
观澜,hanlp
车公庙,hanlp
车公庙站,hanlp
长春,hanlp
黄冈,hanlp
龙岗,hanlp
上海,hanlp
中国,hanlp
光明,hanlp
光明招待所,hanlp
关外,hanlp
北京,hanlp
北村,hanlp
华强北,hanlp
卓越汇商场,hanlp
南山,hanlp
坪山,hanlp
大梅沙,hanlp
妈岭,hanlp
宝安,hanlp
岗厦站,hanlp
广州,hanlp
景田,hanlp
梅林,hanlp
梅林片区,hanlp
梅林站,hanlp
梧桐山,hanlp
深圳,hanlp
盐田,hanlp
福田,hanlp
福田区,hanlp
福田口岸,hanlp
罗湖,hanlp
罗湖区,hanlp
罗湖商城,hanlp
莲塘,hanlp
莲花,hanlp
莲花村,hanlp
车公庙,hanlp
过关,hanlp
香港,hanlp
黄岗,hanlp
龙华,hanlp
龙岗,hanlp
万象城,hanlp
上沙,hanlp
东莞,hanlp
东门,hanlp
佛山,hanlp
前海,hanlp
北京,hanlp
华强北,hanlp
南山,hanlp
南山区,hanlp
南山智园,hanlp
双龙,hanlp
后海,hanlp
坪山区,hanlp
塘朗,hanlp
塘朗站,hanlp
大梅沙,hanlp
大运,hanlp
大鹏,hanlp
天泽花园,hanlp
天鹅堡,hanlp
岗厦北,hanlp
广州,hanlp
惠州,hanlp
桃园村,hanlp
桥城东,hanlp
海南,hanlp
海岸城,hanlp
深圳,hanlp
深圳市,hanlp
深圳湾公园,hanlp
渔农村,hanlp
滨河路,hanlp
玉恒花园,hanlp
珠海,hanlp
盐田区,hanlp
福明,hanlp
福民,hanlp
福民站,hanlp
福田,hanlp
福田区,hanlp
福田口岸,hanlp
福田高铁站,hanlp
福祥路,hanlp
竹子林,hanlp
罗湖,hanlp
老街,hanlp
草埔,hanlp
蔡屋围,hanlp
西乡,hanlp
郑州,hanlp
高新园,hanlp
龙华区,hanlp
龙岗,hanlp
龙岗区,hanlp
上步,hanlp
上沙,hanlp
上海,hanlp
下沙,hanlp
东乐花园,hanlp
东昌路,hanlp
东莞,hanlp
东门,hanlp
东门老街,hanlp
东门街,hanlp
中英街,hanlp
仙湖,hanlp
俄罗斯,hanlp
光明农场,hanlp
八卦岭,hanlp
前海,hanlp
北京,hanlp
北环,hanlp
华强北,hanlp
华强大厦,hanlp
南山,hanlp
双龙,hanlp
和平路,hanlp
园岭,hanlp
坪山,hanlp
坪山镇,hanlp
天安门广场,hanlp
宝安,hanlp
宝安广场,hanlp
山湖居,hanlp
岗厦,hanlp
岗厦北,hanlp
布吉,hanlp
布吉街,hanlp
布心,hanlp
布心路,hanlp
广州,hanlp
广西,hanlp
建设路,hanlp
德兴花园,hanlp
文锦渡,hanlp
文锦路,hanlp
新秀村,hanlp
木头龙,hanlp
梅林,hanlp
梧桐山,hanlp
沙头角,hanlp
沙河大街,hanlp
海山,hanlp
淘金山,hanlp
深南路,hanlp
深南路上海宾馆,hanlp
深圳,hanlp
深圳大戏院,hanlp
深圳市,hanlp
深圳港湾,hanlp
深圳湾,hanlp
深房广场,hanlp
滨河,hanlp
田贝,hanlp
皇岗,hanlp
盐田,hanlp
福田,hanlp
福田区,hanlp
福田站,hanlp
竹子林,hanlp
笋岗路,hanlp
维也纳,hanlp
维也纳酒店,hanlp
维纳斯酒店,hanlp
罗湖,hanlp
翠竹路,hanlp
翠荫路,hanlp
莫斯科,hanlp
莲塘,hanlp
蔡屋,hanlp
蔡屋围,hanlp
蛇口,hanlp
蛇口港,hanlp
蛇口站,hanlp
车公庙,hanlp
金座,hanlp
金鹏宾馆,hanlp
金鹏酒店,hanlp
银座,hanlp
香港,hanlp
香蜜湖,hanlp
龙华,hanlp
龙岗,hanlp
东晓路,hanlp
东湖,hanlp
东湖公园,hanlp
光明,hanlp
南山,hanlp
南山区,hanlp
南约,hanlp
南路,hanlp
四路,hanlp
坪山,hanlp
塘朗,hanlp
大运体育馆,hanlp
大鹏,hanlp
太安,hanlp
宝安,hanlp
岗厦,hanlp
岗厦北,hanlp
布吉,hanlp
布心,hanlp
布心地铁站,hanlp
布心村,hanlp
布心站,hanlp
布心路,hanlp
广州,hanlp
民治,hanlp
河南,hanlp
深圳,hanlp
港鹏新村,hanlp
田贝,hanlp
白鸽笼,hanlp
皇庭广场,hanlp
福田,hanlp
罗湖,hanlp
翠竹,hanlp
西丽,hanlp
车公庙,hanlp
金稻田,hanlp
金稻田路,hanlp
香港,hanlp
黄贝岭,hanlp
龙华,hanlp
龙岗,hanlp
龙岗关,hanlp
上步路,hanlp
上海,hanlp
上海市,hanlp
下梅林,hanlp
东湖,hanlp
东湖公园,hanlp
东莞,hanlp
东门,hanlp
丰盛町,hanlp
主山,hanlp
关内,hanlp
前海,hanlp
前海路,hanlp
北京,hanlp
北环,hanlp
华强北,hanlp
南山,hanlp
南山区,hanlp
南山科技园,hanlp
博丰大厦,hanlp
博罗,hanlp
园林大厦,hanlp
坪山,hanlp
坪山区,hanlp
城中村,hanlp
大厦,hanlp
大湾区,hanlp
宝安,hanlp
宝安中心区,hanlp
布吉,hanlp
布心,hanlp
广州,hanlp
新洲河,hanlp
智园,hanlp
松岗,hanlp
梅林,hanlp
梅林关,hanlp
武汉,hanlp
民治,hanlp
沙井,hanlp
河源,hanlp
深南大道,hanlp
深圳,hanlp
深圳国际会展中心,hanlp
深圳市,hanlp
深圳湾公园,hanlp
深圳特区,hanlp
深港,hanlp
清水河,hanlp
湖北,hanlp
片区,hanlp
白石洲,hanlp
皇岗,hanlp
皇岗村,hanlp
盐田,hanlp
福田,hanlp
福田CBD,hanlp
福田区,hanlp
科技园,hanlp
笋岗,hanlp
红树林公园,hanlp
红树林深圳湾公园,hanlp
绿映居,hanlp
罗湖,hanlp
罗湖东湖公园,hanlp
罗湖区域,hanlp
罗湖火车站,hanlp
罗湖站,hanlp
老东门,hanlp
联通大厦,hanlp
荣超,hanlp
荣超大厦,hanlp
莲塘,hanlp
莲花山,hanlp
蛇口,hanlp
西乡,hanlp
贵州,hanlp
车公庙,hanlp
车公庙站,hanlp
通业业,hanlp
通业大厦,hanlp
通业花园,hanlp
重庆,hanlp
龙华,hanlp
龙岗,hanlp
龙岗区,hanlp
上海,hanlp
东莞,hanlp
中国,hanlp
中国世贸大厦,hanlp
中山,hanlp
中山路,hanlp
云南,hanlp
井冈山,hanlp
佛山,hanlp
俄罗斯,hanlp
前海,hanlp
北京,hanlp
北环,hanlp
华发路,hanlp
南京路,hanlp
南头营,hanlp
南山,hanlp
南山道,hanlp
台湾,hanlp
唐山,hanlp
固戍,hanlp
壹方城,hanlp
大兴,hanlp
大铲湾,hanlp
大铲湾区,hanlp
天津,hanlp
定南,hanlp
宝安,hanlp
山西,hanlp
平安大厦,hanlp
广州,hanlp
惠州,hanlp
新疆,hanlp
桃园,hanlp
桃园路,hanlp
河北,hanlp
河南,hanlp
泰国,hanlp
洛阳,hanlp
深南,hanlp
深南大道,hanlp
深圳,hanlp
深圳市,hanlp
清湖,hanlp
澳门,hanlp
盐田,hanlp
福田,hanlp
罗湖,hanlp
西北,hanlp
西藏,hanlp
观澜,hanlp
赣南,hanlp
赣州,hanlp
青海,hanlp
香港,hanlp
高新园,hanlp
高新园站,hanlp
黄浦江,hanlp
龙华,hanlp
龙华观澜,hanlp
万象城,hanlp
下沙,hanlp
东莞,hanlp
中山,hanlp
丽湖,hanlp
二外,hanlp
光明安,hanlp
关内,hanlp
关外,hanlp
前海,hanlp
北京,hanlp
北环,hanlp
南头关,hanlp
南山,hanlp
固戍,hanlp
塘朗,hanlp
壹方城,hanlp
大兴,hanlp
安托山,hanlp
宝安,hanlp
广东,hanlp
广州,hanlp
惠州,hanlp
新疆,hanlp
月亮湾,hanlp
月亮湾花园,hanlp
桃园,hanlp
梅林关,hanlp
武汉,hanlp
深圳,hanlp
清湖,hanlp
番禺,hanlp
白石洲,hanlp
盐田,hanlp
福田,hanlp
福田站,hanlp
竹村,hanlp
红岭,hanlp
罗湖,hanlp
罗湖站,hanlp
观澜,hanlp
赤湾,hanlp
车公庙,hanlp
釜山,hanlp
香港,hanlp
高德,hanlp
麒麟山庄,hanlp
龙华,hanlp
龙华县,hanlp
万象城,hanlp
中心城,hanlp
伦敦,hanlp
体育西路,hanlp
保安,hanlp
南山,hanlp
大运,hanlp
宝安,hanlp
岗厦,hanlp
岗厦北,hanlp
布吉,hanlp
广州,hanlp
梅林,hanlp
沙头角,hanlp
深圳,hanlp
盐田,hanlp
盐田区,hanlp
盐田港西,hanlp
福田,hanlp
福田区,hanlp
福田站,hanlp
纽卡斯尔,hanlp
罗湖,hanlp
罗湖区,hanlp
罗湖市,hanlp
罗湖火车站,hanlp
英国,hanlp
香港,hanlp
龙华,hanlp
龙岗,hanlp
上步路,hanlp
上海,hanlp
上海宾馆,hanlp
东莞,hanlp
东门,hanlp
丽湖公园,hanlp
九龙,hanlp
仙湖,hanlp
仙湖植物园,hanlp
保利剧院,hanlp
前海,hanlp
前海湾站,hanlp
前湾公园站,hanlp
前湾站,hanlp
北京,hanlp
区域,hanlp
南山,hanlp
南山市,hanlp
厦门,hanlp
后海,hanlp
后海站,hanlp
坂田,hanlp
妈湾站,hanlp
宝安区,hanlp
广州,hanlp
惠州,hanlp
桂园路,hanlp
桃园,hanlp
梅林,hanlp
武汉,hanlp
深南路,hanlp
深圳,hanlp
湖贝,hanlp
益田,hanlp
益田村,hanlp
益田站,hanlp
益田路,hanlp
福强路,hanlp
福田,hanlp
福田区,hanlp
福田站,hanlp
福田路,hanlp
科苑,hanlp
科苑站,hanlp
站,hanlp
笋岗,hanlp
红岭,hanlp
红岭中路,hanlp
红岭路,hanlp
罗湖,hanlp
罗湖区,hanlp
荔枝公园,hanlp
莲塘,hanlp
莲花,hanlp
金田路,hanlp
香港,hanlp
高新南,hanlp
龙华,hanlp
龙华区,hanlp
龙岗,hanlp
龙胜地铁站,hanlp
龙胜站,hanlp
万象城,hanlp
亚洲,hanlp
南山,hanlp
南山区,hanlp
四川大厦,hanlp
坪山,hanlp
大浪,hanlp
宝安,hanlp
法国,hanlp
深圳,hanlp
益田,hanlp
益田石厦,hanlp
盐田,hanlp
石厦,hanlp
福田,hanlp
福田区,hanlp
粤海门,hanlp
罗湖,hanlp
西丽,hanlp
西丽站,hanlp
车公庙,hanlp
龙华,hanlp
龙岗,hanlp
万象城,hanlp
东京,hanlp
东京湾,hanlp
东莞,hanlp
东门,hanlp
佛山,hanlp
光明,hanlp
光明科学城,hanlp
关外,hanlp
凤岗,hanlp
前海,hanlp
华强北,hanlp
南山,hanlp
南山区,hanlp
口岸,hanlp
国贸,hanlp
坪山,hanlp
坪山区,hanlp
坪山新区,hanlp
坪山高铁站,hanlp
大亚湾,hanlp
大运公园,hanlp
大鹏,hanlp
宝安,hanlp
宝安区,hanlp
宝安县,hanlp
岗厦,hanlp
岗厦北地铁站,hanlp
布吉,hanlp
平湖火车站,hanlp
广东,hanlp
广州,hanlp
建设路,hanlp
惠州,hanlp
新区,hanlp
松岗,hanlp
沙田,hanlp
深圳,hanlp
深圳市,hanlp
深圳湾,hanlp
深圳经济特区,hanlp
深惠路,hanlp
澳门,hanlp
福田,hanlp
福田区,hanlp
福田站,hanlp
站,hanlp
粤港澳大湾区,hanlp
经济特区,hanlp
罗湖,hanlp
罗湖站,hanlp
蛇口,hanlp
观澜,hanlp
香港,hanlp
黄木岗,hanlp
黄木岗站,hanlp
黄阁坑,hanlp
龙华,hanlp
龙华新区,hanlp
龙城,hanlp
龙城公园站,hanlp
龙岗,hanlp
龙岗区,hanlp
龙岗大道,hanlp
龙岩,hanlp
龙平路,hanlp
东门,hanlp
关内,hanlp
关外,hanlp
前海,hanlp
南山,hanlp
南山区,hanlp
南山区科技园,hanlp
南山科技园,hanlp
宝体,hanlp
宝体站,hanlp
宝安,hanlp
宝安区,hanlp
宝安机场,hanlp
岗厦北,hanlp
布吉,hanlp
广州,hanlp
新安公园,hanlp
梅林,hanlp
横岗,hanlp
深圳,hanlp
深大,hanlp
清水河,hanlp
白马,hanlp
盐田,hanlp
福田,hanlp
罗湖,hanlp
罗湖科学馆,hanlp
老街,hanlp
莲塘,hanlp
车公庙,hanlp
香港,hanlp
龙岗,hanlp
龙岗区,hanlp
上海,hanlp
上海宾馆,hanlp
东湖水库,hanlp
东门,hanlp
云湖,hanlp
仙湖,hanlp
仙湖植物园,hanlp
佛山,hanlp
八卦岭,hanlp
前海,hanlp
华南城,hanlp
华强北,hanlp
华清园,hanlp
南路,hanlp
双龙,hanlp
宝安,hanlp
宝安机场,hanlp
布吉,hanlp
广东,hanlp
广东省,hanlp
广州,hanlp
怡景,hanlp
惠州,hanlp
梧桐山,hanlp
水贝,hanlp
汕尾,hanlp
淡水,hanlp
深南路,hanlp
深圳,hanlp
深圳市,hanlp
湖贝,hanlp
盐田,hanlp
福田,hanlp
福田站,hanlp
竹子林,hanlp
绿道,hanlp
罗湖,hanlp
罗湖体育馆,hanlp
罗湖区,hanlp
老街,hanlp
莲塘,hanlp
螺岭,hanlp
西乡,hanlp
车公庙,hanlp
香港,hanlp
马峦山,hanlp
黄贝岭,hanlp
龙岗,hanlp
东莞,hanlp
凤岗,hanlp
前海,hanlp
南山,hanlp
坂田,hanlp
坂田市场,hanlp
坪山,hanlp
塘厦,hanlp
大亚湾,hanlp
大湾,hanlp
宝安,hanlp
尚美国际,hanlp
岗厦,hanlp
布吉,hanlp
平湖,hanlp
广州,hanlp
惠州,hanlp
桃园,hanlp
沙田,hanlp
深圳,hanlp
深圳书城,hanlp
深圳北,hanlp
福永,hanlp
福田,hanlp
竹子林,hanlp
罗湖,hanlp
茶光,hanlp
西丽,hanlp
西乡,hanlp
观澜,hanlp
车公庙,hanlp
长岭陂,hanlp
龙岗,hanlp
上步路,hanlp
上沙,hanlp
上海,hanlp
东莞,hanlp
五和,hanlp
五和站,hanlp
五河,hanlp
亚洲,hanlp
光雅园,hanlp
八卦岭,hanlp
冬瓜岭,hanlp
前海,hanlp
北京,hanlp
华强,hanlp
华强北,hanlp
南坑,hanlp
南坑站,hanlp
南坪,hanlp
南头火车站,hanlp
南山,hanlp
南山科技园,hanlp
双拥街,hanlp
后海,hanlp
啊园岭,hanlp
四季,hanlp
四季花城,hanlp
地王,hanlp
地王旁边,hanlp
坂田,hanlp
坪山,hanlp
塘朗山,hanlp
大亚湾,hanlp
大梅沙,hanlp
大运体育馆,hanlp
大鹏,hanlp
宝安,hanlp
就园岭,hanlp
山姆,hanlp
山姆会员,hanlp
岗厦,hanlp
岗厦北,hanlp
广东,hanlp
广州,hanlp
惠州南站,hanlp
振兴,hanlp
星河,hanlp
景田,hanlp
松岗,hanlp
桃源村,hanlp
梅关,hanlp
梅林,hanlp
梅林关,hanlp
梅沙,hanlp
比亚迪,hanlp
沙井,hanlp
河源,hanlp
深圳,hanlp
深圳大道,hanlp
深圳湾,hanlp
清水,hanlp
皇岗,hanlp
盐田,hanlp
盐田港,hanlp
盛天酒店,hanlp
福田,hanlp
福田站,hanlp
科技园,hanlp
笋岗路,hanlp
红荔路,hanlp
罗湖,hanlp
花城,hanlp
莲塘,hanlp
莲花,hanlp
莲花山,hanlp
莲花村,hanlp
莲花西,hanlp
蔡屋围,hanlp
西丽,hanlp
西丽站,hanlp
车公庙,hanlp
郑州,hanlp
银湖山,hanlp
雅宝,hanlp
香梅北,hanlp
香梅路,hanlp
香港,hanlp
黄贝岭,hanlp
龙华,hanlp
龙岗,hanlp
龙岗区,hanlp
龙龙岗,hanlp
东二,hanlp
东莞,hanlp
中国,hanlp
亚洲,hanlp
人民路,hanlp
光明,hanlp
关内,hanlp
兴宁,hanlp
兴宁汽车站,hanlp
前海,hanlp
前海湾,hanlp
华强北,hanlp
南山,hanlp
南山区,hanlp
台湾,hanlp
地王大厦,hanlp
坪山,hanlp
坪山区,hanlp
塘朗,hanlp
大浪,hanlp
宝安,hanlp
客家,hanlp
广东,hanlp
广州,hanlp
德国,hanlp
明区,hanlp
梅州,hanlp
梅林关,hanlp
梧桐山,hanlp
欧洲,hanlp
民治,hanlp
民治街道办东二市场,hanlp
汕头,hanlp
沙田,hanlp
深圳,hanlp
深圳市,hanlp
深圳帝王大厦,hanlp
清湖,hanlp
清湖站,hanlp
清福站,hanlp
牛地铺,hanlp
福田,hanlp
福田区,hanlp
第四工业区,hanlp
罗湖,hanlp
罗湖书城,hanlp
罗湖区,hanlp
罗湖地铁站,hanlp
美国,hanlp
莲花山公园,hanlp
观澜,hanlp
金桥花园,hanlp
阳台山,hanlp
阳台山公园,hanlp
香港,hanlp
龙华,hanlp
龙华区,hanlp
龙华地铁站,hanlp
龙华工业区,hanlp
龙华汽车站,hanlp
龙岗,hanlp
龙胜,hanlp
三联公园,hanlp
东莞,hanlp
东门,hanlp
光明,hanlp
关内,hanlp
南山,hanlp
南山科技园,hanlp
坪山,hanlp
增城,hanlp
大浪,hanlp
官田,hanlp
官田站,hanlp
宝安,hanlp
宝安区,hanlp
梅林关,hanlp
民治,hanlp
河背,hanlp
浪民治,hanlp
深圳,hanlp
深圳市,hanlp
清远,hanlp
石岩,hanlp
福田,hanlp
福田区,hanlp
罗湖,hanlp
蛇口,hanlp
观澜,hanlp
贵州,hanlp
香港,hanlp
龙华,hanlp
龙华地铁站,hanlp
龙华站,hanlp
龙岗,hanlp
龙门,hanlp
万象城,hanlp
东站,hanlp
南山,hanlp
南山区,hanlp
吉祥,hanlp
安托山,hanlp
宝安,hanlp
宝安机场,hanlp
岗厦,hanlp
布吉,hanlp
广东省,hanlp
广州,hanlp
文锦渡,hanlp
杭州,hanlp
桂园,hanlp
深圳,hanlp
深大,hanlp
清远,hanlp
珠海,hanlp
福田,hanlp
福田区,hanlp
科苑,hanlp
红岭岭,hanlp
罗湖,hanlp
罗湖区,hanlp
老街,hanlp
肇庆,hanlp
蛇口,hanlp
街道,hanlp
车公庙,hanlp
青岛,hanlp
韶关,hanlp
香港,hanlp
黄贝岭,hanlp
龙华,hanlp
龙岗,hanlp
上海,hanlp
中心,hanlp
中心路,hanlp
六合村,hanlp
前海,hanlp
华强北,hanlp
华润,hanlp
华润大厦,hanlp
南山,hanlp
南山区,hanlp
后海,hanlp
后海大道,hanlp
后海滨,hanlp
城中村,hanlp
大冲,hanlp
大冲村,hanlp
平山,hanlp
成都,hanlp
木棉湾,hanlp
木棉湾地铁站,hanlp
松岗,hanlp
松岗村,hanlp
横岗,hanlp
水贝,hanlp
沙河,hanlp
洪湖,hanlp
洪湖公园,hanlp
深圳,hanlp
深圳市,hanlp
深港,hanlp
滨海大,hanlp
爱联,hanlp
田庙,hanlp
白石洲,hanlp
福山,hanlp
福济,hanlp
福田,hanlp
福田区,hanlp
福田汽车站,hanlp
福田滨海大道,hanlp
福田站,hanlp
福福田,hanlp
罗湖,hanlp
罗湖站,hanlp
莲塘,hanlp
莲花山公园,hanlp
蛇口,hanlp
蛇口港,hanlp
蛇口自贸区,hanlp
赤湾,hanlp
车公庙,hanlp
铜锣湾,hanlp
铜锣湾商场,hanlp
长岭,hanlp
长岭村,hanlp
龙岗,hanlp
龙岗大道,hanlp
三亚,hanlp
上海,hanlp
东莞,hanlp
中山,hanlp
前海,hanlp
南坪,hanlp
南山,hanlp
台湾,hanlp
台湾花园,hanlp
四川,hanlp
坂田,hanlp
大芬,hanlp
安徽,hanlp
宜宾,hanlp
宝安,hanlp
宝安机场,hanlp
巴丁街,hanlp
布吉,hanlp
广州,hanlp
惠州,hanlp
泉州,hanlp
深南,hanlp
深南大道,hanlp
深圳,hanlp
深圳北站,hanlp
深圳大剧院,hanlp
深圳市,hanlp
深圳湾,hanlp
皇岗,hanlp
福建,hanlp
福田,hanlp
福田区,hanlp
笋岗,hanlp
罗湖,hanlp
罗湖区,hanlp
罗湖站,hanlp
蛇口,hanlp
重庆,hanlp
韶关,hanlp
香港,hanlp
龙岗,hanlp
龙岗区,hanlp
龙湖,hanlp
三亚,hanlp
上海,hanlp
上海宾馆,hanlp
中国,hanlp
前海,hanlp
北京,hanlp
华强北,hanlp
华强路,hanlp
华润万象天地,hanlp
南山,hanlp
南山区,hanlp
同乐关,hanlp
后海,hanlp
大冲,hanlp
大铲湾,hanlp
天地区域,hanlp
宝安,hanlp
岗厦北,hanlp
广东,hanlp
沈阳,hanlp
沙河路,hanlp
海南,hanlp
深圳,hanlp
深圳市,hanlp
深圳机场,hanlp
深圳机场深圳机场,hanlp
深圳湾,hanlp
深圳火车站,hanlp
福田,hanlp
罗湖,hanlp
罗湖区,hanlp
蛇口,hanlp
阿里,hanlp
香港,hanlp
香蜜湖,hanlp
龙华,hanlp
龙岗,hanlp
上步,hanlp
上步区,hanlp
东湖,hanlp
东莞,hanlp
五湖,hanlp
人民公园,hanlp
光明,hanlp
前海,hanlp
北京,hanlp
北环路,hanlp
华强北,hanlp
南头,hanlp
南山,hanlp
塘坑,hanlp
大湾区,hanlp
宝安,hanlp
宝安县,hanlp
布吉,hanlp
平山,hanlp
广州,hanlp
惠州,hanlp
新城大厦,hanlp
新疆,hanlp
松井,hanlp
松岗,hanlp
梅林,hanlp
沙井,hanlp
沙头角,hanlp
深圳,hanlp
深圳市,hanlp
深圳湾,hanlp
深圳经济特区,hanlp
白云县,hanlp
盐田,hanlp
石岩湖,hanlp
福田,hanlp
福田区,hanlp
福田民俗村,hanlp
笔架山,hanlp
罗湖,hanlp
罗湖区,hanlp
西丽,hanlp
西丽湖,hanlp
西噢西丽,hanlp
解放路,hanlp
谷歌,hanlp
银湖,hanlp
香港,hanlp
香蜜湖,hanlp
黄冈山,hanlp
黄港,hanlp
龙岗,hanlp
龙龙华,hanlp
上塘,hanlp
上塘站,hanlp
东门,hanlp
关内,hanlp
北京,hanlp
华强北,hanlp
南山,hanlp
厦门,hanlp
园岭,hanlp
园林,hanlp
宝安,hanlp
布吉,hanlp
新岭,hanlp
杭州,hanlp
桂园,hanlp
梅岭,hanlp
梅林,hanlp
梅林站,hanlp
横岗,hanlp
深圳,hanlp
深圳北站,hanlp
石岩,hanlp
福建,hanlp
福建省,hanlp
福永,hanlp
福田,hanlp
红荔路,hanlp
罗湖,hanlp
罗湖区,hanlp
老街,hanlp
莲塘,hanlp
莲塘站,hanlp
西乡,hanlp
车公庙,hanlp
通新岭,hanlp
银湖,hanlp
长岭东,hanlp
高德,hanlp
黄木岗,hanlp
黄木岗站,hanlp
龙华,hanlp
龙华北站,hanlp
龙岗,hanlp
龙胜,hanlp
龙胜站,hanlp
万象汇,hanlp
上海,hanlp
东门,hanlp
南山,hanlp
南山区,hanlp
南湾,hanlp
南湾街道,hanlp
厦门,hanlp
天虹,hanlp
宝安,hanlp
岗厦,hanlp
布吉,hanlp
布吉站,hanlp
广州,hanlp
日本,hanlp
木棉湾,hanlp
杭州,hanlp
梅林,hanlp
梅林站,hanlp
水山园,hanlp
深圳,hanlp
深圳书城,hanlp
深圳博物馆,hanlp
深大站,hanlp
百鸽笼,hanlp
石芽岭,hanlp
福田,hanlp
红岭北,hanlp
罗湖,hanlp
翠竹,hanlp
老街,hanlp
莲花,hanlp
莲花村,hanlp
车公庙,hanlp
金光华,hanlp
香港,hanlp
黄贝岭,hanlp
龙岗,hanlp
龙岗区,hanlp
5环,hanlp
上海,hanlp
东莞,hanlp
东莞地区,hanlp
中国,hanlp
中海,hanlp
中银,hanlp
中银花园,hanlp
丹竹头,hanlp
五环,hanlp
关内,hanlp
关外,hanlp
凤凰山公园,hanlp
北京,hanlp
北斗,hanlp
南山,hanlp
南山区,hanlp
南沙河,hanlp
印度,hanlp
四环,hanlp
国贸大厦,hanlp
坪山,hanlp
天安,hanlp
天安大厦,hanlp
宝安,hanlp
布吉,hanlp
平湖,hanlp
德行,hanlp
怡翠,hanlp
成都,hanlp
日本,hanlp
木棉湾,hanlp
梅岭,hanlp
梅林,hanlp
梅林公园,hanlp
梅林城,hanlp
梅林村,hanlp
梅林水库,hanlp
沙河,hanlp
泥岗,hanlp
泥岗村,hanlp
深南园博园,hanlp
深南大道,hanlp
深南路,hanlp
深圳,hanlp
深圳东站,hanlp
深圳市,hanlp
清水河,hanlp
湖北,hanlp
湖南,hanlp
澳门,hanlp
石湖港,hanlp
福田,hanlp
福田保税区,hanlp
福田区,hanlp
福田地铁站,hanlp
红岭,hanlp
罗湖,hanlp
罗湖区,hanlp
罗湖火车站,hanlp
美国,hanlp
老街,hanlp
苏联,hanlp
荔枝公园,hanlp
莲花,hanlp
莲花山,hanlp
莲花山公园,hanlp
莲花村,hanlp
蛇口,hanlp
蛇口港,hanlp
衡阳,hanlp
越南,hanlp
车公庙,hanlp
银湖,hanlp
银湖汽车站,hanlp
长沙,hanlp
香港,hanlp
黄冈,hanlp
黄岗,hanlp
黄岗口岸,hanlp
龙岗,hanlp
龙岗区,hanlp
万象城,hanlp
万象汇,hanlp
东晓,hanlp
东晓街道,hanlp
东门,hanlp
八卦岭,hanlp
关内,hanlp
关内关,hanlp
关南,hanlp
关外,hanlp
华强北,hanlp
南山,hanlp
南湾,hanlp
南湾街道,hanlp
双龙,hanlp
国贸,hanlp
地王大厦,hanlp
坑梓,hanlp
坪地,hanlp
坪山,hanlp
宝安,hanlp
宝安中心,hanlp
富华,hanlp
布吉,hanlp
布吉关,hanlp
平安大厦,hanlp
广州,hanlp
强北,hanlp
怡景,hanlp
惠州,hanlp
新特区,hanlp
木棉湾,hanlp
梅林关,hanlp
梅沙,hanlp
横岗,hanlp
淮安北,hanlp
深圳,hanlp
深圳书城,hanlp
深圳北站,hanlp
深圳证券,hanlp
深岗,hanlp
盐田,hanlp
盐田区,hanlp
盐田港,hanlp
盐田路,hanlp
福田,hanlp
福田行政区,hanlp
科技园,hanlp
稻草埔,hanlp
罗湖,hanlp
草埔,hanlp
草埔站,hanlp
西丽,hanlp
观澜,hanlp
车公庙,hanlp
车公庙地铁站,hanlp
钟书阁,hanlp
黄贝岭,hanlp
龙华,hanlp
龙岗,hanlp
龙岗区,hanlp
万象汇,hanlp
东门,hanlp
中国,hanlp
亚洲,hanlp
佛山,hanlp
光明,hanlp
八卦岭,hanlp
南山,hanlp
南岭,hanlp
南岭花园,hanlp
南湾,hanlp
和晒布,hanlp
地铁站,hanlp
大鹏,hanlp
太安,hanlp
宝安,hanlp
广东,hanlp
广州,hanlp
木棉湾,hanlp
杭州,hanlp
杭州东站,hanlp
杭州机场,hanlp
水贝,hanlp
汕头,hanlp
洪湖公园,hanlp
浙大,hanlp
深圳,hanlp
深圳书城,hanlp
深汕,hanlp
田贝,hanlp
田贝地铁站,hanlp
盐田,hanlp
福田,hanlp
福田站,hanlp
紫金港,hanlp
罗湖,hanlp
罗湖馆,hanlp
萧山国际机场,hanlp
蒋村,hanlp
贝,hanlp
车公庙,hanlp
龙华,hanlp
龙岗,hanlp
龙岗南岭花园,hanlp
中国,hanlp
人民公园,hanlp
仙湖,hanlp
公园,hanlp
前海,hanlp
北京,hanlp
华强北,hanlp
华润大厦人才公园,hanlp
南山,hanlp
南山体育,hanlp
口岸,hanlp
吉星花园,hanlp
国贸大厦,hanlp
坪山,hanlp
坪山新区,hanlp
大中华区,hanlp
天安门,hanlp
宝安,hanlp
岗厦北,hanlp
布吉,hanlp
布吉站,hanlp
布吉镇,hanlp
广州,hanlp
惠阳,hanlp
日本,hanlp
木岗,hanlp
桃源村,hanlp
深圳,hanlp
深圳市,hanlp
深圳机场,hanlp
深圳湾,hanlp
王,hanlp
百货,hanlp
皇岗,hanlp
福田,hanlp
福田区,hanlp
福田口岸,hanlp
福田站,hanlp
笔架山公园,hanlp
粤港大湾区,hanlp
罗湖,hanlp
罗湖火车站,hanlp
莲花山公园,hanlp
西环路,hanlp
锦龙地铁站,hanlp
香山,hanlp
香港,hanlp
香蜜公园,hanlp
马栏山,hanlp
黄木岗,hanlp
龙岗,hanlp
万象城,hanlp
上,hanlp
上城,hanlp
上海,hanlp
上海宾馆,hanlp
东京,hanlp
公主坟,hanlp
前海,hanlp
北京,hanlp
北方大厦,hanlp
北环,hanlp
华强北,hanlp
南山,hanlp
南山区,hanlp
四川大厦,hanlp
圳湾,hanlp
大亚湾,hanlp
宾馆,hanlp
山姆会员,hanlp
布吉,hanlp
广州,hanlp
彩田,hanlp
惠州,hanlp
日本,hanlp
梅林,hanlp
梅林站,hanlp
淡水,hanlp
深,hanlp
深业,hanlp
深业上城,hanlp
深圳,hanlp
深圳市,hanlp
深圳机场,hanlp
深圳火车站,hanlp
清湖,hanlp
瓷砖大厦,hanlp
神户,hanlp
福田,hanlp
福田区,hanlp
竹子林,hanlp
竹子林站,hanlp
红山,hanlp
红山寨,hanlp
红山站,hanlp
纽约,hanlp
罗湖,hanlp
罗湖区,hanlp
美国,hanlp
荔枝公园,hanlp
莆田,hanlp
莲花,hanlp
莲花北,hanlp
莲花山,hanlp
车公庙,hanlp
银湖,hanlp
香港,hanlp
香蜜湖,hanlp
龙华,hanlp
上海,hanlp
中英街,hanlp
五华,hanlp
人民桥,hanlp
保安,hanlp
光明,hanlp
八卦岭,hanlp
关内,hanlp
冈厦北,hanlp
北京,hanlp
北站,hanlp
区中区,hanlp
华强北,hanlp
南山,hanlp
厦,hanlp
厦北地铁站,hanlp
地王,hanlp
坪山,hanlp
坪山新区,hanlp
大运体育中心,hanlp
宝安,hanlp
岗厦北,hanlp
布吉,hanlp
布吉广场,hanlp
广州,hanlp
广州南站,hanlp
日本,hanlp
木棉湾,hanlp
树林广场,hanlp
梅州市,hanlp
武汉,hanlp
海珠区,hanlp
深南路,hanlp
深圳,hanlp
深圳书城,hanlp
深圳市,hanlp
深圳湾地铁站,hanlp
深圳特区,hanlp
深圳站,hanlp
深汕,hanlp
深汕特别合作区,hanlp
湖北,hanlp
湖南,hanlp
盐田区,hanlp
福田,hanlp
福田区,hanlp
福田高铁站,hanlp
笔架山公园,hanlp
罗湖,hanlp
罗湖书城,hanlp
罗湖区,hanlp
花山,hanlp
荔枝,hanlp
荔枝公园,hanlp
莲花,hanlp
莲花山,hanlp
莲花山公园,hanlp
西丽,hanlp
车公庙,hanlp
银湖,hanlp
长隆,hanlp
长龙地铁站,hanlp
香港,hanlp
高明,hanlp
鸡公山,hanlp
黄木岗,hanlp
龙华,hanlp
龙岗,hanlp
龙岗区,hanlp
龙湖,hanlp
东门,hanlp
五洲城,hanlp
人人购物广场,hanlp
华强,hanlp
南山,hanlp
南山区,hanlp
博罗,hanlp
厦门,hanlp
双龙,hanlp
地铁站,hanlp
圳北,hanlp
坪地,hanlp
坪山,hanlp
坪山公园,hanlp
大丰油画村,hanlp
大亚湾,hanlp
大鹏,hanlp
宝安,hanlp
宝安县,hanlp
布吉,hanlp
布吉大丰油画村,hanlp
广州,hanlp
惠州,hanlp
所城,hanlp
摩尔城,hanlp
梧桐山,hanlp
横岗,hanlp
横港地,hanlp
永福,hanlp
沙田,hanlp
深,hanlp
深圳,hanlp
深圳少年宫,hanlp
深圳市,hanlp
深圳市少年宫,hanlp
深惠路,hanlp
百家购物广场,hanlp
福田,hanlp
红花岭,hanlp
罗湖,hanlp
罗瑞河,hanlp
罗龙岗,hanlp
老街,hanlp
荷坳,hanlp
荷坳地铁站,hanlp
莲花北,hanlp
西湖,hanlp
西湖苑别墅,hanlp
车公庙,hanlp
香港,hanlp
高桥,hanlp
黄竹村,hanlp
龙华,hanlp
龙华区,hanlp
龙岗,hanlp
龙岗区,hanlp
龙岗大道,hanlp
万城,hanlp
万象城,hanlp
东城纪念馆,hanlp
东湖公园,hanlp
东纵纪念,hanlp
东莞,hanlp
东门,hanlp
六和城,hanlp
关内,hanlp
前海,hanlp
北京,hanlp
华强北,hanlp
南京,hanlp
南头,hanlp
南山,hanlp
南山区,hanlp
坪山,hanlp
坪河雅苑,hanlp
大亚湾,hanlp
大亚湾区,hanlp
大连,hanlp
宝安,hanlp
岗村,hanlp
布吉,hanlp
广东,hanlp
广州,hanlp
惠州,hanlp
松山湖,hanlp
松山湖公园,hanlp
梧桐山,hanlp
水贝村,hanlp
汕尾,hanlp
海南,hanlp
深圳,hanlp
深圳博物馆,hanlp
深圳湾,hanlp
珠江,hanlp
田心村,hanlp
白云机场,hanlp
盐田,hanlp
碧桂园,hanlp
福田,hanlp
福田购物公园,hanlp
笋岗,hanlp
笋岗村,hanlp
红岭,hanlp
罗湖,hanlp
罗湖区,hanlp
罗湖站,hanlp
老街,hanlp
西安,hanlp
贝丽南路,hanlp
车公庙,hanlp
香蜜湖,hanlp
龙光城,hanlp
龙岗,hanlp
龙岗区,hanlp
龙湖,hanlp
东莞,hanlp
井田,hanlp
六合城,hanlp
六合成,hanlp
北京,hanlp
华强北,hanlp
南山,hanlp
南山区,hanlp
厦北,hanlp
后海,hanlp
坪山,hanlp
坪山区,hanlp
坪山围,hanlp
大梅沙,hanlp
宝安,hanlp
宝安县,hanlp
平山,hanlp
平山围,hanlp
广东,hanlp
广州,hanlp
景田,hanlp
欢乐谷,hanlp
深圳,hanlp
深圳博物馆,hanlp
福田,hanlp
福田区,hanlp
福田站,hanlp
笋岗,hanlp
红岭,hanlp
红岭北,hanlp
罗湖,hanlp
罗湖区,hanlp
莲花山,hanlp
车公庙,hanlp
金融,hanlp
龙华,hanlp
龙岗,hanlp
东富华侨城,hanlp
东门,hanlp
华城路,hanlp
华强,hanlp
华强北,hanlp
华强地铁站,hanlp
华强路,hanlp
南山,hanlp
南山区,hanlp
双龙,hanlp
双龙地铁站,hanlp
双龙江,hanlp
双龙站,hanlp
坪山,hanlp
坪山公园,hanlp
坪山区,hanlp
宝安,hanlp
屏山,hanlp
平安大厦,hanlp
平昌,hanlp
广东市,hanlp
广东省,hanlp
广州,hanlp
广州罗湖站,hanlp
惠州,hanlp
梧桐山,hanlp
欢乐谷,hanlp
汕头市,hanlp
沙头角,hanlp
深圳,hanlp
深圳北,hanlp
深圳北站,hanlp
深圳市,hanlp
深圳湾公园,hanlp
盐田区,hanlp
石井,hanlp
石井村,hanlp
福田,hanlp
福田区,hanlp
罗湖,hanlp
罗湖区,hanlp
罗湖站,hanlp
赛格广场,hanlp
车公庙,hanlp
香蜜湖,hanlp
龙岗,hanlp
龙岗区,hanlp
东莞,hanlp
仙湖植物园,hanlp
光明,hanlp
关内,hanlp
北京,hanlp
南京,hanlp
南头关,hanlp
南山,hanlp
厦门,hanlp
坪山,hanlp
大梅沙,hanlp
宝安,hanlp
布吉关,hanlp
广州,hanlp
文华,hanlp
松冈,hanlp
松岗,hanlp
梅村,hanlp
梅林,hanlp
梅林关,hanlp
沙井,hanlp
深圳,hanlp
深大,hanlp
深大站,hanlp
片区,hanlp
盐田,hanlp
福田,hanlp
粤海,hanlp
罗湖,hanlp
罗湖国贸,hanlp
西乡,hanlp
观澜,hanlp
车公庙,hanlp
长沙,hanlp
龙华,hanlp
万象汇,hanlp
三联桥,hanlp
上海,hanlp
东莞,hanlp
东门,hanlp
东门步行街,hanlp
中国,hanlp
临淄,hanlp
仙湖植物园,hanlp
仙湖站,hanlp
关内,hanlp
北京,hanlp
南京,hanlp
南山,hanlp
南山区,hanlp
南山科技园,hanlp
南山高新园,hanlp
坪山,hanlp
大冲,hanlp
大梅沙,hanlp
大王山,hanlp
天河城,hanlp
宝安,hanlp
宝安区,hanlp
布吉,hanlp
广州,hanlp
广西,hanlp
惠州,hanlp
梅林,hanlp
梅沙,hanlp
梅沙海滨公园,hanlp
梧桐山,hanlp
横岗,hanlp
武汉,hanlp
法寺,hanlp
海山,hanlp
淘金山,hanlp
深圳,hanlp
深圳市,hanlp
深圳湾,hanlp
深圳特区,hanlp
湖北,hanlp
石岩,hanlp
福田,hanlp
笋岗,hanlp
罗湖,hanlp
美国,hanlp
长岭陂,hanlp
长沙,hanlp
香港,hanlp
龙华,hanlp
龙岗,hanlp
龙岗区,hanlp
龙湖,hanlp
万象天地,hanlp
上城,hanlp
上水,hanlp
中国,hanlp
书城,hanlp
光明,hanlp
华强北,hanlp
卓悦中心,hanlp
南山,hanlp
后海站,hanlp
嘉州富苑,hanlp
坪山,hanlp
大鹏,hanlp
宝安,hanlp
岗厦,hanlp
岗厦北,hanlp
广州,hanlp
新洲,hanlp
新洲花园,hanlp
星巴克,hanlp
杭州,hanlp
武汉,hanlp
民俗村,hanlp
沙尾,hanlp
深业,hanlp
深圳,hanlp
深圳北,hanlp
深圳市,hanlp
牌坊街,hanlp
登良,hanlp
登良站,hanlp
盐田,hanlp
石厦,hanlp
石厦站,hanlp
福田,hanlp
福田区,hanlp
红磡,hanlp
红磡站,hanlp
绍兴,hanlp
罗湖,hanlp
羊城,hanlp
茂业,hanlp
落马洲,hanlp
西九龙,hanlp
西安,hanlp
车公庙,hanlp
迪士尼乐园,hanlp
香港,hanlp
高新园,hanlp
龙华,hanlp
龙岗,hanlp
万象城,hanlp
东海,hanlp
东海站,hanlp
东门町,hanlp
中国,hanlp
人民桥站,hanlp
北京,hanlp
华强北,hanlp
华强北站,hanlp
南山,hanlp
后海,hanlp
坂田,hanlp
坪山,hanlp
大鹏,hanlp
宝安,hanlp
岗厦站,hanlp
广州,hanlp
新华宾馆,hanlp
新岭站,hanlp
日本,hanlp
景田,hanlp
松岗,hanlp
欢乐海岸地铁站,hanlp
河北,hanlp
泰然,hanlp
深圳,hanlp
深圳市,hanlp
燕南,hanlp
燕南站,hanlp
玖钻,hanlp
皇庭广场,hanlp
盐田,hanlp
福永站,hanlp
福田,hanlp
福田区,hanlp
站,hanlp
红树林,hanlp
罗湖,hanlp
罗湖区,hanlp
罗湖站,hanlp
蛇口,hanlp
赤湾,hanlp
车公庙,hanlp
重庆,hanlp
金中环,hanlp
雄安新区,hanlp
香港,hanlp
高新园,hanlp
龙光,hanlp
龙华,hanlp
龙岗,hanlp
仙湖植物馆,hanlp
光明,hanlp
前海,hanlp
前海石公园,hanlp
北站,hanlp
华侨城创意园,hanlp
卓悦中心,hanlp
南头,hanlp
南山,hanlp
厦北,hanlp
双拥街,hanlp
后海,hanlp
后海站,hanlp
固戍站,hanlp
地王大厦,hanlp
坪山,hanlp
大沙河生态,hanlp
大芬,hanlp
大芬油画村,hanlp
大鹏,hanlp
宝安,hanlp
宝安区,hanlp
左炮台东,hanlp
布吉,hanlp
布吉站,hanlp
布心站,hanlp
广州,hanlp
广州南站,hanlp
机场东,hanlp
洪湖站,hanlp
深圳,hanlp
深圳市,hanlp
深圳湾体育公园,hanlp
深圳湾公园,hanlp
福田,hanlp
福田coco,hanlp
红岭,hanlp
红岭荔枝公园,hanlp
纽约,hanlp
罗湖,hanlp
翠竹站,hanlp
老街站,hanlp
荔枝公园,hanlp
车公庙,hanlp
黄贝岭,hanlp
龙华,hanlp
龙华区,hanlp
龙岗,hanlp
龙岗区,hanlp
上步路,hanlp
上海,hanlp
下北,hanlp
东莞,hanlp
东门,hanlp
中国,hanlp
乐园路,hanlp
书院街,hanlp
八卦岭,hanlp
前海,hanlp
北京,hanlp
南山,hanlp
南山区,hanlp
后海,hanlp
园岭,hanlp
圆岭,hanlp
圆岭街道,hanlp
安托山站,hanlp
宝安,hanlp
宝安机场,hanlp
布吉,hanlp
惠州,hanlp
成都,hanlp
景田,hanlp
梅沙,hanlp
深圳,hanlp
深圳北站,hanlp
深圳市,hanlp
深圳火车站,hanlp
深圳特区,hanlp
福田,hanlp
福田区,hanlp
罗湖,hanlp
罗湖区,hanlp
莲花,hanlp
莲花路,hanlp
车公庙,hanlp
车公庙地区,hanlp
长沙,hanlp
香港,hanlp
香蜜湖,hanlp
香蜜湖地区,hanlp
香蜜站,hanlp
龙华,hanlp
龙岗,hanlp
东京,hanlp
东涌,hanlp
东莞,hanlp
中环,hanlp
保安,hanlp
关内,hanlp
华强北,hanlp
南山,hanlp
南山书城,hanlp
南山区,hanlp
南山站,hanlp
南海,hanlp
双龙,hanlp
后海,hanlp
四海,hanlp
四海站,hanlp
国贸,hanlp
国贸大厦,hanlp
地区,hanlp
大梅沙,hanlp
大鹏,hanlp
大鹏新区,hanlp
宝安,hanlp
宝安区,hanlp
宝安机场,hanlp
布吉,hanlp
帝王大厦,hanlp
广州,hanlp
惠州,hanlp
日本,hanlp
株洲,hanlp
桃花园,hanlp
桃花源,hanlp
梅林关,hanlp
武汉,hanlp
沙井,hanlp
沙井关,hanlp
沙田,hanlp
海山,hanlp
海山站,hanlp
海岸城,hanlp
海月站,hanlp
深圳,hanlp
深圳市,hanlp
深圳湾,hanlp
湖南,hanlp
湘潭,hanlp
灵芝,hanlp
犹他州,hanlp
珠江,hanlp
珠江三角洲,hanlp
盐田,hanlp
盐田区,hanlp
盐田港,hanlp
碧头,hanlp
福田,hanlp
福田站,hanlp
粤东,hanlp
粤北,hanlp
粤西,hanlp
纽约,hanlp
罗湖,hanlp
美国,hanlp
翠竹,hanlp
荃湾,hanlp
葵涌,hanlp
蛇口,hanlp
西乡,hanlp
西涌,hanlp
车公庙,hanlp
郑州,hanlp
香,hanlp
香港,hanlp
驻马店,hanlp
龙华,hanlp
龙华区,hanlp
龙岗,hanlp
龙岗区,hanlp
龙岗地区,hanlp
东莞,hanlp
光明,hanlp
公明,hanlp
华强北,hanlp
南山,hanlp
宝安,hanlp
宝安区,hanlp
布吉,hanlp
广州,hanlp
惠州,hanlp
松岗,hanlp
横岗,hanlp
深圳,hanlp
深圳市,hanlp
清湖,hanlp
福田,hanlp
罗湖,hanlp
西乡,hanlp
观澜,hanlp
观澜龙,hanlp
黎光,hanlp
龙华,hanlp
龙华区,hanlp
龙华文化中心,hanlp
龙华街道,hanlp
龙岗,hanlp
光明,hanlp
北京,hanlp
华强北,hanlp
南山,hanlp
南田,hanlp
后亭,hanlp
宝安,hanlp
弘法,hanlp
弘法寺,hanlp
新桥,hanlp
明治,hanlp
春天,hanlp
杭州,hanlp
梅林,hanlp
水榭,hanlp
沃尔玛,hanlp
沙井,hanlp
深圳,hanlp
深圳北,hanlp
深圳市,hanlp
福田,hanlp
红山片区,hanlp
罗湖,hanlp
莲花山,hanlp
蛇口,hanlp
观澜,hanlp
观澜湖,hanlp
香港,hanlp
龙华,hanlp
上海,hanlp
东莞,hanlp
中山市,hanlp
光明,hanlp
公明,hanlp
北京,hanlp
南山,hanlp
固戍,hanlp
固戍地铁站,hanlp
大梅沙,hanlp
大浪街道,hanlp
宝安,hanlp
宝安机场,hanlp
岗夏,hanlp
岗夏村,hanlp
岗夏站,hanlp
惠州,hanlp
松元厦,hanlp
松元厦地铁站,hanlp
桃源,hanlp
深圳,hanlp
清水河,hanlp
清湖,hanlp
石厦,hanlp
福田,hanlp
福田区,hanlp
福田岗夏村,hanlp
罗湖,hanlp
莲花山,hanlp
观湖,hanlp
观澜,hanlp
观澜汽车站,hanlp
观澜湖,hanlp
观澜湖生态园,hanlp
香港,hanlp
龙华,hanlp
龙华区,hanlp
龙华大浪街道,hanlp
龙华布吉,hanlp
龙华布吉街道,hanlp
龙华观澜街道,hanlp
龙岗,hanlp
龙岗区,hanlp
中山公园,hanlp
中山市,hanlp
光明区,hanlp
八卦岭,hanlp
公常路,hanlp
前海,hanlp
前海站,hanlp
华强北,hanlp
南山,hanlp
南山区,hanlp
厦门,hanlp
嘉里,hanlp
大梅沙,hanlp
岗厦,hanlp
岗厦村,hanlp
巴登街,hanlp
新生村,hanlp
松元公园,hanlp
松元厦,hanlp
深圳,hanlp
深圳市,hanlp
盐田区,hanlp
福州,hanlp
福田,hanlp
福田区,hanlp
罗湖老街,hanlp
莲花山,hanlp
蛇口,hanlp
观澜老街,hanlp
观澜街道,hanlp
赤尾,hanlp
赤尾站,hanlp
香港,hanlp
龙华,hanlp
龙华区,hanlp
龙岗,hanlp
龙岗区,hanlp
